year,industry,nova_scotia_wage,canada_wage,market_gap_pct
2015,"Total employees, all industries",20.43,24.04,-15.02
2015,Goods-producing sector,20.23,25.0,-19.08
2015,"Agriculture [111-112, 1100, 1151-1152]",14.0,15.38,-8.97
2015,"Forestry, fishing, mining, quarrying, oil and gas [21, 113-114, 1153, 2100]",22.63,36.0,-37.14
2015,Utilities [22],30.0,39.0,-23.08
2015,Construction [23],20.0,27.0,-25.93
2015,Manufacturing [31-33],20.0,22.56,-11.35
2015,Services-producing sector,20.44,24.0,-14.83
2015,"Wholesale and retail trade [41, 44-45]",15.0,18.1,-17.13
2015,Transportation and warehousing [48-49],23.0,24.0,-4.17
2015,"Finance, insurance, real estate, rental and leasing [52-53]",22.05,26.67,-17.32
2015,"Professional, scientific and technical services [54]",23.08,29.81,-22.58
2015,"Business, building and other support services [55-56]",14.0,16.59,-15.61
2015,Educational services [61],29.0,32.97,-12.04
2015,Health care and social assistance [62],22.0,23.74,-7.33
2015,"Information, culture and recreation [51, 71]",21.63,25.0,-13.48
2015,Accommodation and food services [72],12.0,13.5,-11.11
2015,Other services (except public administration) [81],17.0,20.0,-15.0
2015,Public administration [91],31.79,34.63,-8.2
2016,"Total employees, all industries",21.0,24.82,-15.39
2016,Goods-producing sector,21.63,25.2,-14.17
2016,"Agriculture [111-112, 1100, 1151-1152]",14.0,16.27,-13.95
2016,"Forestry, fishing, mining, quarrying, oil and gas [21, 113-114, 1153, 2100]",24.04,37.0,-35.03
2016,Utilities [22],38.0,39.0,-2.56
2016,Construction [23],20.6,27.78,-25.85
2016,Manufacturing [31-33],21.1,22.79,-7.42
2016,Services-producing sector,20.88,24.1,-13.36
2016,"Wholesale and retail trade [41, 44-45]",15.1,18.95,-20.32
2016,Transportation and warehousing [48-49],25.0,24.48,2.12
2016,"Finance, insurance, real estate, rental and leasing [52-53]",21.54,26.92,-19.99
2016,"Professional, scientific and technical services [54]",26.5,31.25,-15.2
2016,"Business, building and other support services [55-56]",13.94,16.81,-17.07
2016,Educational services [61],31.25,34.0,-8.09
2016,Health care and social assistance [62],22.0,24.04,-8.49
2016,"Information, culture and recreation [51, 71]",22.6,25.0,-9.6
2016,Accommodation and food services [72],12.6,14.0,-10.0
2016,Other services (except public administration) [81],18.24,20.0,-8.8
2016,Public administration [91],31.43,35.0,-10.2
2017,"Total employees, all industries",21.63,25.0,-13.48
2017,Goods-producing sector,22.5,25.85,-12.96
2017,"Agriculture [111-112, 1100, 1151-1152]",15.0,16.5,-9.09
2017,"Forestry, fishing, mining, quarrying, oil and gas [21, 113-114, 1153, 2100]",24.5,38.0,-35.53
2017,Utilities [22],37.02,40.96,-9.62
2017,Construction [23],22.5,28.0,-19.64
2017,Manufacturing [31-33],21.0,23.0,-8.7
2017,Services-producing sector,21.5,24.75,-13.13
2017,"Wholesale and retail trade [41, 44-45]",16.0,19.98,-19.92
2017,Transportation and warehousing [48-49],22.85,25.0,-8.6
2017,"Finance, insurance, real estate, rental and leasing [52-53]",23.31,27.88,-16.39
2017,"Professional, scientific and technical services [54]",26.44,30.77,-14.07
2017,"Business, building and other support services [55-56]",14.42,17.2,-16.16
2017,Educational services [61],32.0,33.65,-4.9
2017,Health care and social assistance [62],22.0,24.59,-10.53
2017,"Information, culture and recreation [51, 71]",20.19,25.0,-19.24
2017,Accommodation and food services [72],13.0,14.0,-7.14
2017,Other services (except public administration) [81],18.77,20.0,-6.15
2017,Public administration [91],33.0,34.87,-5.36
2018,"Total employees, all industries",22.0,25.0,-12.0
2018,Goods-producing sector,23.0,26.0,-11.54
2018,"Agriculture [111-112, 1100, 1151-1152]",15.5,17.75,-12.68
2018,"Forestry, fishing, mining, quarrying, oil and gas [21, 113-114, 1153, 2100]",25.0,38.0,-34.21
2018,Utilities [22],37.36,42.31,-11.7
2018,Construction [23],21.0,28.0,-25.0
2018,Manufacturing [31-33],23.5,23.5,0.0
2018,Services-producing sector,21.63,25.0,-13.48
2018,"Wholesale and retail trade [41, 44-45]",16.24,19.85,-18.19
2018,Transportation and warehousing [48-49],22.81,25.0,-8.76
2018,"Finance, insurance, real estate, rental and leasing [52-53]",22.56,29.12,-22.53
2018,"Professional, scientific and technical services [54]",27.16,31.25,-13.09
2018,"Business, building and other support services [55-56]",14.0,18.07,-22.52
2018,Educational services [61],33.65,34.07,-1.23
2018,Health care and social assistance [62],23.0,24.8,-7.26
2018,"Information, culture and recreation [51, 71]",21.98,26.0,-15.46
2018,Accommodation and food services [72],13.25,15.0,-11.67
2018,Other services (except public administration) [81],17.72,21.0,-15.62
2018,Public administration [91],34.62,35.9,-3.57
2019,"Total employees, all industries",22.12,26.0,-14.92
2019,Goods-producing sector,23.0,27.0,-14.81
2019,"Agriculture [111-112, 1100, 1151-1152]",16.95,18.0,-5.83
2019,"Forestry, fishing, mining, quarrying, oil and gas [21, 113-114, 1153, 2100]",25.0,38.1,-34.38
2019,Utilities [22],35.42,43.0,-17.63
2019,Construction [23],22.31,29.0,-23.07
2019,Manufacturing [31-33],23.0,24.4,-5.74
2019,Services-producing sector,22.0,25.96,-15.25
2019,"Wholesale and retail trade [41, 44-45]",17.09,20.0,-14.55
2019,Transportation and warehousing [48-49],24.0,25.0,-4.0
2019,"Finance, insurance, real estate, rental and leasing [52-53]",24.18,29.87,-19.05
2019,"Professional, scientific and technical services [54]",27.69,32.97,-16.01
2019,"Business, building and other support services [55-56]",15.0,19.0,-21.05
2019,Educational services [61],29.15,34.25,-14.89
2019,Health care and social assistance [62],23.65,25.0,-5.4
2019,"Information, culture and recreation [51, 71]",20.88,26.44,-21.03
2019,Accommodation and food services [72],13.78,15.7,-12.23
2019,Other services (except public administration) [81],19.23,22.0,-12.59
2019,Public administration [91],34.75,36.92,-5.88
2020,"Total employees, all industries",23.8,27.94,-14.82
2020,Goods-producing sector,23.65,28.08,-15.78
2020,"Agriculture [111-112, 1100, 1151-1152]",16.25,19.0,-14.47
2020,"Forestry, fishing, mining, quarrying, oil and gas [21, 113-114, 1153, 2100]",25.77,40.0,-35.58
2020,Utilities [22],32.97,44.0,-25.07
2020,Construction [23],24.0,30.0,-20.0
2020,Manufacturing [31-33],22.0,25.65,-14.23
2020,Services-producing sector,23.86,27.64,-13.68
2020,"Wholesale and retail trade [41, 44-45]",18.5,21.32,-13.23
2020,Transportation and warehousing [48-49],23.1,26.0,-11.15
2020,"Finance, insurance, real estate, rental and leasing [52-53]",24.73,31.25,-20.86
2020,"Professional, scientific and technical services [54]",27.69,34.36,-19.41
2020,"Business, building and other support services [55-56]",16.35,20.0,-18.25
2020,Educational services [61],30.77,36.56,-15.84
2020,Health care and social assistance [62],24.04,26.0,-7.54
2020,"Information, culture and recreation [51, 71]",23.08,29.81,-22.58
2020,Accommodation and food services [72],14.0,16.25,-13.85
2020,Other services (except public administration) [81],21.63,24.04,-10.02
2020,Public administration [91],32.82,37.95,-13.52
2021,"Total employees, all industries",24.04,28.57,-15.86
2021,Goods-producing sector,24.0,28.85,-16.81
2021,"Agriculture [111-112, 1100, 1151-1152]",16.25,20.0,-18.75
2021,"Forestry, fishing, mining, quarrying, oil and gas [21, 113-114, 1153, 2100]",24.04,40.0,-39.9
2021,Utilities [22],38.97,45.0,-13.4
2021,Construction [23],24.0,30.0,-20.0
2021,Manufacturing [31-33],23.0,25.96,-11.4
2021,Services-producing sector,24.41,28.49,-14.32
2021,"Wholesale and retail trade [41, 44-45]",18.46,21.75,-15.13
2021,Transportation and warehousing [48-49],25.0,27.0,-7.41
2021,"Finance, insurance, real estate, rental and leasing [52-53]",25.64,33.33,-23.07
2021,"Professional, scientific and technical services [54]",30.74,34.62,-11.21
2021,"Business, building and other support services [55-56]",16.85,20.0,-15.75
2021,Educational services [61],33.65,36.67,-8.24
2021,Health care and social assistance [62],24.0,26.37,-8.99
2021,"Information, culture and recreation [51, 71]",23.13,30.77,-24.83
2021,Accommodation and food services [72],14.2,16.6,-14.46
2021,Other services (except public administration) [81],21.98,24.04,-8.57
2021,Public administration [91],36.0,38.46,-6.4
2022,"Total employees, all industries",25.0,29.75,-15.97
2022,Goods-producing sector,25.0,30.0,-16.67
2022,"Agriculture [111-112, 1100, 1151-1152]",16.4,20.0,-18.0
2022,"Forestry, fishing, mining, quarrying, oil and gas [21, 113-114, 1153, 2100]",27.0,40.0,-32.5
2022,Utilities [22],38.46,46.0,-16.39
2022,Construction [23],25.0,32.0,-21.88
2022,Manufacturing [31-33],24.0,27.0,-11.11
2022,Services-producing sector,25.0,29.3,-14.68
2022,"Wholesale and retail trade [41, 44-45]",19.0,23.0,-17.39
2022,Transportation and warehousing [48-49],25.0,28.0,-10.71
2022,"Finance, insurance, real estate, rental and leasing [52-53]",25.64,34.25,-25.14
2022,"Professional, scientific and technical services [54]",33.65,37.36,-9.93
2022,"Business, building and other support services [55-56]",18.75,21.75,-13.79
2022,Educational services [61],32.42,37.44,-13.41
2022,Health care and social assistance [62],24.83,27.79,-10.65
2022,"Information, culture and recreation [51, 71]",25.0,30.58,-18.25
2022,Accommodation and food services [72],15.0,18.0,-16.67
2022,Other services (except public administration) [81],22.0,25.0,-12.0
2022,Public administration [91],36.92,39.68,-6.96
2023,"Total employees, all industries",26.0,31.0,-16.13
2023,Goods-producing sector,26.25,32.0,-17.97
2023,"Agriculture [111-112, 1100, 1151-1152]",18.5,21.79,-15.1
2023,"Forestry, fishing, mining, quarrying, oil and gas [21, 113-114, 1153, 2100]",26.78,43.5,-38.44
2023,Utilities [22],38.0,46.9,-18.98
2023,Construction [23],26.0,34.0,-23.53
2023,Manufacturing [31-33],26.41,28.85,-8.46
2023,Services-producing sector,26.0,30.5,-14.75
2023,"Wholesale and retail trade [41, 44-45]",20.0,24.0,-16.67
2023,Transportation and warehousing [48-49],25.55,28.86,-11.47
2023,"Finance, insurance, real estate, rental and leasing [52-53]",28.85,35.71,-19.21
2023,"Professional, scientific and technical services [54]",35.71,39.42,-9.41
2023,"Business, building and other support services [55-56]",19.0,22.98,-17.32
2023,Educational services [61],35.0,38.46,-9.0
2023,Health care and social assistance [62],25.67,28.74,-10.68
2023,"Information, culture and recreation [51, 71]",27.64,31.25,-11.55
2023,Accommodation and food services [72],16.5,19.0,-13.16
2023,Other services (except public administration) [81],23.08,26.21,-11.94
2023,Public administration [91],39.49,40.51,-2.52
2024,"Total employees, all industries",28.0,32.28,-13.26
2024,Goods-producing sector,28.85,33.0,-12.58
2024,"Agriculture [111-112, 1100, 1151-1152]",20.0,23.08,-13.34
2024,"Forestry, fishing, mining, quarrying, oil and gas [21, 113-114, 1153, 2100]",25.92,45.19,-42.64
2024,Utilities [22],43.0,50.0,-14.0
2024,Construction [23],28.0,35.0,-20.0
2024,Manufacturing [31-33],29.72,30.0,-0.93
2024,Services-producing sector,27.78,32.0,-13.19
2024,"Wholesale and retail trade [41, 44-45]",21.0,25.0,-16.0
2024,Transportation and warehousing [48-49],27.78,30.0,-7.4
2024,"Finance, insurance, real estate, rental and leasing [52-53]",28.85,37.36,-22.78
2024,"Professional, scientific and technical services [54]",38.0,41.6,-8.65
2024,"Business, building and other support services [55-56]",20.0,24.0,-16.67
2024,Educational services [61],36.54,40.0,-8.65
2024,Health care and social assistance [62],28.0,30.0,-6.67
2024,"Information, culture and recreation [51, 71]",26.45,32.0,-17.34
2024,Accommodation and food services [72],17.5,19.86,-11.88
2024,Other services (except public administration) [81],25.0,28.0,-10.71
2024,Public administration [91],40.0,43.0,-6.98
2025,"Total employees, all industries",29.8,33.65,-11.44
2025,Goods-producing sector,28.5,34.36,-17.05
2025,"Agriculture [111-112, 1100, 1151-1152]",20.0,24.14,-17.15
2025,"Forestry, fishing, mining, quarrying, oil and gas [21, 113-114, 1153, 2100]",25.0,47.0,-46.81
2025,Utilities [22],45.05,53.37,-15.59
2025,Construction [23],28.21,36.0,-21.64
2025,Manufacturing [31-33],28.0,31.0,-9.68
2025,Services-producing sector,30.0,33.33,-9.99
2025,"Wholesale and retail trade [41, 44-45]",22.0,25.0,-12.0
2025,Transportation and warehousing [48-49],28.85,30.46,-5.29
2025,"Finance, insurance, real estate, rental and leasing [52-53]",32.05,38.46,-16.67
2025,"Professional, scientific and technical services [54]",38.46,43.27,-11.12
2025,"Business, building and other support services [55-56]",21.0,25.0,-16.0
2025,Educational services [61],39.42,41.76,-5.6
2025,Health care and social assistance [62],32.0,30.85,3.73
2025,"Information, culture and recreation [51, 71]",29.0,34.19,-15.18
2025,Accommodation and food services [72],18.0,20.0,-10.0
2025,Other services (except public administration) [81],27.0,28.57,-5.5
2025,Public administration [91],41.21,44.71,-7.83
