year,noc_code,Occupation,nova_scotia_wage,canada_wage,market_gap_pct
2015,111,Professional occupations in finance,26.68,32.19,-17.12
2015,112,Professional occupations in business,26.92,32.69,-17.65
2015,211,Professional occupations in natural sciences,33.33,35.9,-7.16
2015,212,Professional occupations in applied sciences (except engineering),33.65,36.41,-7.58
2015,213,Professional occupations in engineering,38.05,41.21,-7.67
2015,311,Health treating and consultation services professionals,38.84,41.42,-6.23
2015,312,Therapy and assessment professionals,34.0,37.0,-8.11
2015,313,Nursing and allied health professionals,36.0,37.38,-3.69
2015,411,Professional occupations in law,36.06,48.08,-25.0
2015,412,Professional occupations in education services,34.07,37.02,-7.97
2015,413,Professional occupations in social and community services,31.25,30.0,4.17
2015,414,Professional occupations in government services,33.0,35.38,-6.73
2015,421,Occupations in front-line public protection services,39.0,40.87,-4.58
2015,422,"Paraprofessional occupations in legal, social, community and education services",17.5,20.0,-12.5
2016,111,Professional occupations in finance,28.46,32.18,-11.56
2016,112,Professional occupations in business,28.85,33.08,-12.79
2016,211,Professional occupations in natural sciences,33.08,37.0,-10.59
2016,212,Professional occupations in applied sciences (except engineering),33.65,38.46,-12.51
2016,213,Professional occupations in engineering,37.95,41.03,-7.51
2016,311,Health treating and consultation services professionals,36.5,40.58,-10.05
2016,312,Therapy and assessment professionals,38.5,38.0,1.32
2016,313,Nursing and allied health professionals,37.0,38.0,-2.63
2016,411,Professional occupations in law,37.95,45.67,-16.9
2016,412,Professional occupations in education services,37.26,38.77,-3.89
2016,413,Professional occupations in social and community services,28.21,30.29,-6.87
2016,414,Professional occupations in government services,32.97,36.41,-9.45
2016,421,Occupations in front-line public protection services,40.38,41.68,-3.12
2016,422,"Paraprofessional occupations in legal, social, community and education services",18.96,19.71,-3.81
2017,111,Professional occupations in finance,27.69,31.52,-12.15
2017,112,Professional occupations in business,26.15,33.0,-20.76
2017,211,Professional occupations in natural sciences,33.0,36.06,-8.49
2017,212,Professional occupations in applied sciences (except engineering),33.65,37.65,-10.62
2017,213,Professional occupations in engineering,40.0,40.87,-2.13
2017,311,Health treating and consultation services professionals,39.0,40.87,-4.58
2017,312,Therapy and assessment professionals,35.71,38.0,-6.03
2017,313,Nursing and allied health professionals,38.0,38.7,-1.81
2017,411,Professional occupations in law,38.46,50.0,-23.08
2017,412,Professional occupations in education services,36.15,38.94,-7.16
2017,413,Professional occupations in social and community services,25.71,31.4,-18.12
2017,414,Professional occupations in government services,32.69,36.41,-10.22
2017,421,Occupations in front-line public protection services,40.0,41.83,-4.37
2017,422,"Paraprofessional occupations in legal, social, community and education services",20.0,20.19,-0.94
2018,111,Professional occupations in finance,30.0,33.17,-9.56
2018,112,Professional occupations in business,30.73,33.07,-7.08
2018,211,Professional occupations in natural sciences,38.46,39.0,-1.38
2018,212,Professional occupations in applied sciences (except engineering),36.06,38.46,-6.24
2018,213,Professional occupations in engineering,38.0,43.04,-11.71
2018,311,Health treating and consultation services professionals,39.42,42.0,-6.14
2018,312,Therapy and assessment professionals,38.0,40.0,-5.0
2018,313,Nursing and allied health professionals,37.95,38.66,-1.84
2018,411,Professional occupations in law,43.27,52.88,-18.17
2018,412,Professional occupations in education services,38.46,39.62,-2.93
2018,413,Professional occupations in social and community services,30.13,31.25,-3.58
2018,414,Professional occupations in government services,34.86,38.46,-9.36
2018,421,Occupations in front-line public protection services,40.0,42.53,-5.95
2018,422,"Paraprofessional occupations in legal, social, community and education services",20.0,20.92,-4.4
2019,111,Professional occupations in finance,30.77,33.65,-8.56
2019,112,Professional occupations in business,32.69,34.07,-4.05
2019,211,Professional occupations in natural sciences,38.0,37.97,0.08
2019,212,Professional occupations in applied sciences (except engineering),34.36,39.9,-13.88
2019,213,Professional occupations in engineering,35.1,42.86,-18.11
2019,311,Health treating and consultation services professionals,40.5,44.22,-8.41
2019,312,Therapy and assessment professionals,37.0,40.0,-7.5
2019,313,Nursing and allied health professionals,39.0,39.71,-1.79
2019,411,Professional occupations in law,51.92,51.92,0.0
2019,412,Professional occupations in education services,36.06,40.38,-10.7
2019,413,Professional occupations in social and community services,30.0,32.69,-8.23
2019,414,Professional occupations in government services,36.25,37.08,-2.24
2019,421,Occupations in front-line public protection services,39.81,44.0,-9.52
2019,422,"Paraprofessional occupations in legal, social, community and education services",19.5,22.0,-11.36
2020,111,Professional occupations in finance,28.85,35.9,-19.64
2020,112,Professional occupations in business,30.77,33.78,-8.91
2020,211,Professional occupations in natural sciences,42.05,38.0,10.66
2020,212,Professional occupations in applied sciences (except engineering),36.54,41.03,-10.94
2020,213,Professional occupations in engineering,36.92,44.71,-17.42
2020,311,Health treating and consultation services professionals,45.0,44.76,0.54
2020,312,Therapy and assessment professionals,39.0,42.0,-7.14
2020,313,Nursing and allied health professionals,39.0,40.0,-2.5
2020,411,Professional occupations in law,43.27,52.88,-18.17
2020,412,Professional occupations in education services,36.06,41.57,-13.25
2020,413,Professional occupations in social and community services,26.67,32.82,-18.74
2020,414,Professional occupations in government services,36.02,40.0,-9.95
2020,421,Occupations in front-line public protection services,37.0,45.0,-17.78
2020,422,"Paraprofessional occupations in legal, social, community and education services",20.0,22.35,-10.51
2021,111,Professional occupations in finance,29.74,38.46,-22.67
2021,112,Professional occupations in business,29.36,35.58,-17.48
2021,211,Professional occupations in natural sciences,39.56,40.87,-3.21
2021,212,Professional occupations in applied sciences (except engineering),38.46,42.73,-9.99
2021,213,Professional occupations in engineering,44.1,43.27,1.92
2021,311,Health treating and consultation services professionals,45.0,43.27,4.0
2021,312,Therapy and assessment professionals,38.0,40.5,-6.17
2021,313,Nursing and allied health professionals,40.0,40.0,0.0
2021,411,Professional occupations in law,65.49,54.49,20.19
2021,412,Professional occupations in education services,37.98,42.31,-10.23
2021,413,Professional occupations in social and community services,31.0,33.65,-7.88
2021,414,Professional occupations in government services,36.25,40.73,-11.0
2021,421,Occupations in front-line public protection services,41.83,46.0,-9.07
2021,422,"Paraprofessional occupations in legal, social, community and education services",19.71,23.0,-14.3
2022,111,Professional occupations in finance,33.79,38.46,-12.14
2022,112,Professional occupations in business,31.69,35.9,-11.73
2022,211,Professional occupations in natural sciences,39.07,40.0,-2.32
2022,212,Professional occupations in applied sciences (except engineering),38.46,45.12,-14.76
2022,213,Professional occupations in engineering,39.26,47.62,-17.56
2022,311,Health treating and consultation services professionals,42.0,46.15,-8.99
2022,312,Therapy and assessment professionals,40.4,42.0,-3.81
2022,313,Nursing and allied health professionals,40.87,42.0,-2.69
2022,411,Professional occupations in law,51.68,57.95,-10.82
2022,412,Professional occupations in education services,38.46,43.27,-11.12
2022,413,Professional occupations in social and community services,30.0,33.85,-11.37
2022,414,Professional occupations in government services,38.46,40.0,-3.85
2022,421,Occupations in front-line public protection services,44.58,48.56,-8.2
2022,422,"Paraprofessional occupations in legal, social, community and education services",20.63,24.0,-14.04
2023,111,Professional occupations in finance,35.0,39.49,-11.37
2023,112,Professional occupations in business,36.18,38.46,-5.93
2023,211,Professional occupations in natural sciences,41.54,42.19,-1.54
2023,212,Professional occupations in applied sciences (except engineering),42.7,46.15,-7.48
2023,213,Professional occupations in engineering,41.03,48.7,-15.75
2023,311,Health treating and consultation services professionals,43.43,47.25,-8.08
2023,312,Therapy and assessment professionals,41.0,44.9,-8.69
2023,313,Nursing and allied health professionals,40.0,42.0,-4.76
2023,411,Professional occupations in law,45.19,57.69,-21.67
2023,412,Professional occupations in education services,39.42,43.71,-9.81
2023,413,Professional occupations in social and community services,31.79,36.0,-11.69
2023,414,Professional occupations in government services,42.34,42.79,-1.05
2023,421,Occupations in front-line public protection services,44.47,48.74,-8.76
2023,422,"Paraprofessional occupations in legal, social, community and education services",23.0,25.0,-8.0
2024,111,Professional occupations in finance,33.65,40.87,-17.67
2024,112,Professional occupations in business,36.06,39.9,-9.62
2024,211,Professional occupations in natural sciences,41.03,42.86,-4.27
2024,212,Professional occupations in applied sciences (except engineering),43.0,48.08,-10.57
2024,213,Professional occupations in engineering,47.5,50.0,-5.0
2024,311,Health treating and consultation services professionals,50.0,50.0,0.0
2024,312,Therapy and assessment professionals,40.18,47.5,-15.41
2024,313,Nursing and allied health professionals,45.0,45.0,0.0
2024,411,Professional occupations in law,67.31,63.33,6.28
2024,412,Professional occupations in education services,42.67,45.67,-6.57
2024,413,Professional occupations in social and community services,34.87,37.91,-8.02
2024,414,Professional occupations in government services,42.86,43.69,-1.9
2024,421,Occupations in front-line public protection services,50.0,49.09,1.85
2024,422,"Paraprofessional occupations in legal, social, community and education services",25.24,26.0,-2.92
2025,111,Professional occupations in finance,36.2,43.0,-15.81
2025,112,Professional occupations in business,40.64,41.41,-1.86
2025,211,Professional occupations in natural sciences,40.85,44.87,-8.96
2025,212,Professional occupations in applied sciences (except engineering),46.04,50.48,-8.8
2025,213,Professional occupations in engineering,48.06,52.0,-7.58
2025,311,Health treating and consultation services professionals,52.5,51.0,2.94
2025,312,Therapy and assessment professionals,46.63,49.0,-4.84
2025,313,Nursing and allied health professionals,48.0,46.0,4.35
2025,411,Professional occupations in law,74.52,62.5,19.23
2025,412,Professional occupations in education services,43.27,47.84,-9.55
2025,413,Professional occupations in social and community services,36.06,40.0,-9.85
2025,414,Professional occupations in government services,43.94,46.15,-4.79
2025,421,Occupations in front-line public protection services,48.08,50.42,-4.64
2025,422,"Paraprofessional occupations in legal, social, community and education services",27.0,26.92,0.3
